ASSETNUM;DESCRIPTION;PLUSTMODEL;PLUSTYEAR;ORGID;STATUS;ALNVALUE;DESCRIPTION_1;ASSETTYPE
10004;MB NEW TOURISMO RHD Euro VI;737;2018;EURO;OPERATING;1;Diesel;FLEET
10065;S 519 HD Euro 6;631;2018;EURO;OPERATING;1;Diesel;FLEET
10364;S 519 HD Euro 6;631;2019;EURO;OPERATING;1;Diesel;FLEET
10365;S 519 HD Euro 6;631;2019;EURO;OPERATING;1;Diesel;FLEET
10366;S 519 HD Euro 6;631;2019;EURO;OPERATING;1;Diesel;FLEET
10369;S 519 HD Euro 6;631;2019;EURO;OPERATING;1;Diesel;FLEET
10370;S 519 HD Euro 6;631;2019;EURO;OPERATING;1;Diesel;FLEET
10371;S 519 HD Euro 6;631;2019;EURO;OPERATING;1;Diesel;FLEET
10372;S 519 HD Euro 6;631;2019;EURO;OPERATING;1;Diesel;FLEET
10380;S 519 HD Euro 6;631;2022;EURO;OPERATING;1;Diesel;FLEET
10381;S 519 HD Euro 6;631;2022;EURO;OPERATING;1;Diesel;FLEET
10382;S 519 HD Euro 6;631;2022;EURO;OPERATING;1;Diesel;FLEET
10383;S 519 HD Euro 6;631;2022;EURO;OPERATING;1;Diesel;FLEET
10384;S 519 HD Euro 6;631;2023;EURO;OPERATING;1;Diesel;FLEET
10385;S 519 HD Euro 6;631;2022;EURO;OPERATING;1;Diesel;FLEET
10387;S 519 HD Euro 6;631;2022;EURO;OPERATING;1;Diesel;FLEET
10389;S 519 HD Euro 6;631;2022;EURO;OPERATING;1;Diesel;FLEET
10390;S 519 HD Euro 6;631;2022;EURO;OPERATING;1;Diesel;FLEET
10391;S 519 HD Euro 6;631;2022;EURO;OPERATING;1;Diesel;FLEET
10393;S 519 HD Euro 6;631;2019;EURO;OPERATING;1;Diesel;FLEET
10394;S 519 HD Euro 6;631;2019;EURO;OPERATING;1;Diesel;FLEET
10395;S 519 HD Euro 6;631;2019;EURO;OPERATING;1;Diesel;FLEET
10396;S 519 HD Euro 6;631;2019;EURO;OPERATING;1;Diesel;FLEET
10400;S 519 HD Euro 6;631;2019;EURO;OPERATING;1;Diesel;FLEET
10404;S 519 HD Euro 6;631;2019;EURO;OPERATING;1;Diesel;FLEET
10405;S 519 HD Euro 6;631;2019;EURO;OPERATING;1;Diesel;FLEET
10406;S 519 HD Euro 6;631;2019;EURO;OPERATING;1;Diesel;FLEET
10407;S 519 HD Euro 6;631;2019;EURO;OPERATING;1;Diesel;FLEET
10408;S 519 HD Euro 6;631;2019;EURO;OPERATING;1;Diesel;FLEET
10409;S 519 HD Euro 6;631;2019;EURO;OPERATING;1;Diesel;FLEET
10410;S 519 HD Euro 6;631;2019;EURO;OPERATING;1;Diesel;FLEET
10411;S 519 HD Euro 6;631;2019;EURO;OPERATING;1;Diesel;FLEET
10412;S 519 HD Euro 6;631;2019;EURO;OPERATING;1;Diesel;FLEET
10413;S 519 HD Euro 6;631;2019;EURO;OPERATING;1;Diesel;FLEET
10414;S 519 HD Euro 6;631;2019;EURO;OPERATING;1;Diesel;FLEET
10415;S 519 HD Euro 6;631;2019;EURO;OPERATING;1;Diesel;FLEET
10424;S 519 HD Euro 6;631;2020;EURO;OPERATING;1;Diesel;FLEET
10425;S 519 HD Euro 6;631;2020;EURO;OPERATING;1;Diesel;FLEET
10426;S 519 HD Euro 6;631;2020;EURO;OPERATING;1;Diesel;FLEET
10427;S 519 HD Euro 6;631;2020;EURO;OPERATING;1;Diesel;FLEET
10428;SCANIA K490 EB 6X2 D. PISO EURO VI;512;2021;EURO;OPERATING;1;Diesel;FLEET
10429;S 519 HD-SUPRA  Euro 6;642;2022;EURO;OPERATING;1;Diesel;FLEET
10430;S 519 HD-SUPRA  Euro 6;642;2022;EURO;OPERATING;1;Diesel;FLEET
10436;S 519 HD Euro 6;631;2020;EURO;OPERATING;1;Diesel;FLEET
10437;S 519 HD Euro 6;631;2020;EURO;OPERATING;1;Diesel;FLEET
10438;S 519 HD Euro 6;631;2020;EURO;OPERATING;1;Diesel;FLEET
10439;S 519 HD Euro 6;631;2020;EURO;OPERATING;1;Diesel;FLEET
10453;SETRA S516 HD EUROVI;741;2015;EURO;OPERATING;1;Diesel;FLEET
10489;Scania Touring HD Euro VI;782;2019;EURO;OPERATING;11;ECO_Diesel-GLP;FLEET
10491;MB SPRINTER 519CDI INTEGRALIA T-ONE XL EURO VI;629;2019;EURO;OPERATING;1;Diesel;FLEET
10492;MB SPRINTER 519CDI INTEGRALIA T-ONE XL EURO VI;629;2019;EURO;OPERATING;1;Diesel;FLEET
10493;Scania Touring HD Euro VI;782;2019;EURO;OPERATING;1;Diesel;FLEET
10496;MB Spr. 414 CDI Indcar Euro VI;792;2019;EURO;OPERATING;1;Diesel;FLEET
10497;MB Spr. 414 CDI Indcar Euro VI;792;2019;EURO;OPERATING;1;Diesel;FLEET
10561;SCANIA K490 EB 6X2 D. PISO EURO VI;512;2020;EURO;OPERATING;1;Diesel;FLEET
10562;SCANIA K490 EB 6X2 D. PISO EURO VI;512;2020;EURO;OPERATING;1;Diesel;FLEET
10638;MB TOURISMO Euro 6;332;2017;EURO;OPERATING;1;Diesel;FLEET
10639;MB TOURISMO Euro 6;332;2015;EURO;OPERATING;1;Diesel;FLEET
10642;Scania K500 EB 6x2 Irizar i6 Efficient Euro VI;579;2022;EURO;OPERATING;1;Diesel;FLEET
10644;SCANIA K490 EB 6X2 D. PISO EURO VI;512;2021;EURO;OPERATING;1;Diesel;FLEET
10646;SCANIA K490 EB 6X2 D. PISO EURO VI;512;2021;EURO;OPERATING;1;Diesel;FLEET
10647;SCANIA K490 EB 6X2 D. PISO EURO VI;512;2021;EURO;OPERATING;1;Diesel;FLEET
10648;SCANIA K490 EB 6X2 D. PISO EURO VI;512;2021;EURO;OPERATING;1;Diesel;FLEET
10649;SCANIA K490 EB 6X2 D. PISO EURO VI;512;2021;EURO;OPERATING;1;Diesel;FLEET
10657;S 519 HD Euro 6;631;2022;EURO;OPERATING;1;Diesel;FLEET
10658;S 519 HD Euro 6;631;2022;EURO;OPERATING;1;Diesel;FLEET
10659;S 519 HD Euro 6;631;2022;EURO;OPERATING;1;Diesel;FLEET
10660;S 519 HD Euro 6;631;2022;EURO;OPERATING;1;Diesel;FLEET
10661;S 519 HD Euro 6;631;2022;EURO;OPERATING;1;Diesel;FLEET
10662;S 519 HD Euro 6;631;2022;EURO;OPERATING;1;Diesel;FLEET
10663;S 519 HD Euro 6;631;2022;EURO;OPERATING;1;Diesel;FLEET
10664;S 519 HD Euro 6;631;2022;EURO;OPERATING;1;Diesel;FLEET
10713;MB NEW TOURISMO RHD Euro VI;737;2020;EURO;OPERATING;1;Diesel;FLEET
10715;MB NEW TOURISMO RHD Euro VI;737;2020;EURO;OPERATING;1;Diesel;FLEET
10720;MB NEW TOURISMO RHD Euro VI;737;2020;EURO;OPERATING;1;Diesel;FLEET
10739;S 519 HD Euro 6;631;2020;EURO;OPERATING;1;Diesel;FLEET
10740;S 519 HD Euro 6;631;2020;EURO;OPERATING;1;Diesel;FLEET
10744;S 519 HD Euro 6;631;2020;EURO;OPERATING;1;Diesel;FLEET
10751;S 419 UL VI;284;2020;EURO;OPERATING;1;Diesel;FLEET
10793;MB TOURISMO 17 RHD EURO VI;763;2020;EURO;OPERATING;1;Diesel;FLEET
10794;Scania Touring HD Euro VI;782;2020;EURO;OPERATING;1;Diesel;FLEET
10795;Scania Touring HD Euro VI;782;2020;EURO;OPERATING;1;Diesel;FLEET
10796;Scania Touring HD Euro VI;782;2020;EURO;OPERATING;1;Diesel;FLEET
10797;Scania Touring HD Euro VI;782;2020;EURO;OPERATING;1;Diesel;FLEET
10798;Scania Touring HD Euro VI;782;2020;EURO;OPERATING;1;Diesel;FLEET
10799;Scania Touring HD Euro VI;782;2020;EURO;OPERATING;1;Diesel;FLEET
10800;Scania Touring HD Euro VI;782;2020;EURO;OPERATING;1;Diesel;FLEET
10801;Scania Touring HD Euro VI;782;2020;EURO;OPERATING;1;Diesel;FLEET
10802;Scania Touring HD Euro VI;782;2020;EURO;OPERATING;1;Diesel;FLEET
10804;MB OC500 RF 1946 i6;516;2020;EURO;OPERATING;1;Diesel;FLEET
10805;MB OC500 RF 1946 i6;516;2020;EURO;OPERATING;1;Diesel;FLEET
10812;S 519 HD Euro 6;631;2022;EURO;OPERATING;1;Diesel;FLEET
10813;S 519 HD Euro 6;631;2022;EURO;OPERATING;1;Diesel;FLEET
10814;S 519 HD Euro 6;631;2022;EURO;OPERATING;1;Diesel;FLEET
10815;S 519 HD Euro 6;631;2022;EURO;OPERATING;1;Diesel;FLEET
10816;S 519 HD Euro 6;631;2022;EURO;OPERATING;1;Diesel;FLEET
10817;S 519 HD Euro 6;631;2022;EURO;OPERATING;1;Diesel;FLEET
10818;S 519 HD Euro 6;631;2022;EURO;OPERATING;1;Diesel;FLEET
10819;S 519 HD Euro 6;631;2022;EURO;OPERATING;1;Diesel;FLEET
10820;S 519 HD Euro 6;631;2022;EURO;OPERATING;1;Diesel;FLEET
10821;S 519 HD Euro 6;631;2022;EURO;OPERATING;1;Diesel;FLEET
10822;S 519 HD Euro 6;631;2022;EURO;OPERATING;1;Diesel;FLEET
10823;S 519 HD Euro 6;631;2022;EURO;OPERATING;1;Diesel;FLEET
10824;S 519 HD Euro 6;631;2022;EURO;OPERATING;1;Diesel;FLEET
10825;S 519 HD Euro 6;631;2022;EURO;OPERATING;1;Diesel;FLEET
10828;S 519 HD Euro 6;631;2020;EURO;OPERATING;1;Diesel;FLEET
10866;Scania Touring HD Euro VI;782;2020;EURO;OPERATING;11;ECO_Diesel-GLP;FLEET
10867;Scania Touring HD Euro VI;782;2021;EURO;OPERATING;11;ECO_Diesel-GLP;FLEET
10883;MB TOURISMO Euro VI;332;2023;EURO;OPERATING;1;Diesel;FLEET
11112;MERCEDES BENZ OC 500 RF;501;2016;EURO;OPERATING;1;Diesel;FLEET
11140;S 519 HD Euro 6;631;2022;EURO;OPERATING;1;Diesel;FLEET
11161;S 519 HD Euro 6;631;2022;EURO;OPERATING;1;Diesel;FLEET
11162;S 519 HD Euro 6;631;2022;EURO;OPERATING;1;Diesel;FLEET
11163;S 519 HD Euro 6;631;2022;EURO;OPERATING;1;Diesel;FLEET
11164;S 519 HD Euro 6;631;2022;EURO;OPERATING;1;Diesel;FLEET
11167;MB TOURISMO Euro VI;332;2022;EURO;OPERATING;1;Diesel;FLEET
11168;MB TOURISMO Euro VI;332;2022;EURO;OPERATING;1;Diesel;FLEET
11169;MB TOURISMO Euro VI;332;2022;EURO;OPERATING;1;Diesel;FLEET
11170;MB TOURISMO Euro VI;332;2022;EURO;OPERATING;1;Diesel;FLEET
11172;MB TOURISMO Euro VI;332;2022;EURO;OPERATING;1;Diesel;FLEET
11173;MB TOURISMO Euro VI;332;2022;EURO;OPERATING;1;Diesel;FLEET
11174;MB TOURISMO Euro VI;332;2023;EURO;OPERATING;1;Diesel;FLEET
11175;MB TOURISMO Euro VI;332;2023;EURO;OPERATING;1;Diesel;FLEET
11176;MB TOURISMO Euro VI;332;2023;EURO;OPERATING;1;Diesel;FLEET
11177;MB TOURISMO Euro VI;332;2023;EURO;OPERATING;1;Diesel;FLEET
11178;SCANIA K490 EB 6X2 D. PISO EURO VI;512;2021;EURO;OPERATING;1;Diesel;FLEET
11186;S 519 HD EURO VI;631;2023;EURO;OPERATING;1;Diesel;FLEET
11197;OC500 2546 IRIZAR i6 EURO VI;766;2025;EURO;OPERATING;11;ECO_Diesel-GLP;FLEET
11198;OC500 2546 IRIZAR i6 EURO VI;766;2025;EURO;OPERATING;11;ECO_Diesel-GLP;FLEET
11281;S 519 HD-SUPRA  Euro 6;642;2022;EURO;OPERATING;1;Diesel;FLEET
11282;S 519 HD-SUPRA  Euro 6;642;2022;EURO;OPERATING;1;Diesel;FLEET
11283;S 519 HD-SUPRA  Euro 6;642;2022;EURO;OPERATING;1;Diesel;FLEET
11307;S 519 HD-SUPRA  Euro 6;642;2022;EURO;OPERATING;1;Diesel;FLEET
11308;S 519 HD-SUPRA  Euro 6;642;2022;EURO;OPERATING;1;Diesel;FLEET
11309;S 519 HD-SUPRA  Euro 6;642;2022;EURO;OPERATING;1;Diesel;FLEET
11916;MAN Lion's Coach;775;2022;EURO;OPERATING;1;Diesel;FLEET
11933;SETRA S516HD Euro VI;741;2016;EURO;OPERATING;1;Diesel;FLEET
11935;SETRA S516HD Euro VI;741;2016;EURO;OPERATING;1;Diesel;FLEET
11954;VDL FUTURA FHD2 EURO VI;797;2022;EURO;OPERATING;1;Diesel;FLEET
11987;10.225 FOCL EURO VI;212;2015;EURO;OPERATING;1;Diesel;FLEET
11988;MAN Gianino Euro IV;696;2017;EURO;OPERATING;1;Diesel;FLEET
11992;MB TOURISMO Euro VI;332;2023;EURO;OPERATING;1;Diesel;FLEET
11993;MB TOURISMO Euro VI;332;2023;EURO;OPERATING;1;Diesel;FLEET
11994;MB TOURISMO Euro VI;332;2023;EURO;OPERATING;1;Diesel;FLEET
11995;MB TOURISMO Euro VI;332;2023;EURO;OPERATING;1;Diesel;FLEET
11996;MB TOURISMO Euro VI;332;2023;EURO;OPERATING;1;Diesel;FLEET
11997;MB TOURISMO Euro VI;332;2023;EURO;OPERATING;1;Diesel;FLEET
13005;S 519 HD-SUPRA  Euro 6;642;2023;EURO;OPERATING;1;Diesel;FLEET
13006;S 519 HD-SUPRA  Euro 6;642;2023;EURO;OPERATING;1;Diesel;FLEET
13007;S 519 HD-SUPRA  Euro 6;642;2023;EURO;OPERATING;1;Diesel;FLEET
13008;S 519 HD-SUPRA  Euro 6;642;2023;EURO;OPERATING;1;Diesel;FLEET
13009;S 519 HD-SUPRA  Euro 6;642;2023;EURO;OPERATING;1;Diesel;FLEET
13010;S 519 HD-SUPRA  Euro 6;642;2023;EURO;OPERATING;1;Diesel;FLEET
13011;S 519 HD-SUPRA  Euro 6;642;2023;EURO;OPERATING;1;Diesel;FLEET
13012;S 519 HD-SUPRA  Euro 6;642;2023;EURO;OPERATING;1;Diesel;FLEET
13013;S 519 HD-SUPRA;642;2023;EURO;OPERATING;1;Diesel;FLEET
13015;S 519 HD-SUPRA  Euro 6;642;2023;EURO;OPERATING;1;Diesel;FLEET
13016;S 519 HD-SUPRA  Euro 6;642;2023;EURO;OPERATING;1;Diesel;FLEET
13022;SCANIA K500 CB 6X2 D. PISO EURO VI;907;2023;EURO;OPERATING;1;Diesel;FLEET
13023;SCANIA K500 CB 6X2 D. PISO EURO VI;907;2023;EURO;OPERATING;1;Diesel;FLEET
13024;SCANIA K500 CB 6X2 D. PISO EURO VI;907;2023;EURO;OPERATING;1;Diesel;FLEET
13026;SCANIA K500 CB 6X2 D. PISO EURO VI;907;2023;EURO;OPERATING;1;Diesel;FLEET
13055;S 519 HD EURO VI;631;2023;EURO;OPERATING;1;Diesel;FLEET
13056;S 519 HD EURO VI;631;2023;EURO;OPERATING;1;Diesel;FLEET
13057;S 519 HD EURO VI;631;2023;EURO;OPERATING;1;Diesel;FLEET
13058;S 519 HD EURO VI;631;2023;EURO;OPERATING;1;Diesel;FLEET
13059;S 519 HD EURO VI;631;2023;EURO;OPERATING;1;Diesel;FLEET
13061;S 519 HD EURO VI;631;2023;EURO;OPERATING;1;Diesel;FLEET
13062;S 519 HD EURO VI;631;2023;EURO;OPERATING;1;Diesel;FLEET
13063;S 519 HD EURO VI;631;2023;EURO;OPERATING;1;Diesel;FLEET
13071;S 519 HD Euro 6;631;2023;EURO;OPERATING;1;Diesel;FLEET
13077;S 519 HD Euro 6;631;2023;EURO;OPERATING;1;Diesel;FLEET
13082;S 519 HD Euro 6;631;2023;EURO;OPERATING;1;Diesel;FLEET
13095;Scania K410 EB4X2 i6 EURO VI;510;2016;EURO;OPERATING;1;Diesel;FLEET
13242;MB TOURISMO Euro VI;332;2023;EURO;OPERATING;1;Diesel;FLEET
13243;MB TOURISMO Euro VI;332;2023;EURO;OPERATING;1;Diesel;FLEET
13244;MB TOURISMO Euro VI;332;2023;EURO;OPERATING;1;Diesel;FLEET
13245;MB TOURISMO Euro VI;332;2023;EURO;OPERATING;1;Diesel;FLEET
13246;MB TOURISMO Euro VI;332;2023;EURO;OPERATING;1;Diesel;FLEET
13247;MB TOURISMO Euro VI;332;2023;EURO;OPERATING;1;Diesel;FLEET
13248;MB TOURISMO Euro VI;332;2023;EURO;OPERATING;1;Diesel;FLEET
13249;MB TOURISMO Euro VI;332;2023;EURO;OPERATING;1;Diesel;FLEET
13250;MB TOURISMO Euro VI;332;2023;EURO;OPERATING;1;Diesel;FLEET
13251;MB TOURISMO Euro VI;332;2023;EURO;OPERATING;1;Diesel;FLEET
13252;MB TOURISMO Euro VI;332;2023;EURO;OPERATING;1;Diesel;FLEET
13253;MB TOURISMO Euro VI;332;2023;EURO;OPERATING;1;Diesel;FLEET
13258;MB NEW TOURISMO RHD Euro VI;737;2023;EURO;OPERATING;1;Diesel;FLEET
13259;MB TOURISMO Euro VI;332;2023;EURO;OPERATING;1;Diesel;FLEET
13306;MB TOURISMO Euro VI;332;2023;EURO;OPERATING;1;Diesel;FLEET
13359;OTOKAR ULYSO TH;834;2024;EURO;OPERATING;1;Diesel;FLEET
13381;Scania K500 CB 6X2;907;2024;EURO;OPERATING;1;Diesel;FLEET
13401;Otokar Ulyso TH Euro VI;834;2024;EURO;OPERATING;1;Diesel;FLEET
13402;S 519 HD Euro 6;631;2025;EURO;OPERATING;1;Diesel;FLEET
13404;S 519 HD Euro 6;631;2024;EURO;OPERATING;1;Diesel;FLEET
13407;S 519 HD Euro 6;631;2024;EURO;OPERATING;1;Diesel;FLEET
13408;S 519 HD EURO VI;631;2024;EURO;OPERATING;1;Diesel;FLEET
13414;S 519 HD Euro 6;631;2024;EURO;OPERATING;1;Diesel;FLEET
13421;SCANIA K500 CB 6X2 D. PISO EURO VI;907;2024;EURO;OPERATING;1;Diesel;FLEET
13422;SCANIA K500 CB 6X2 D. PISO EURO VI;907;2024;EURO;OPERATING;1;Diesel;FLEET
13423;SCANIA K500 CB 6X2 Doble Piso;907;2024;EURO;OPERATING;1;Diesel;FLEET
13450;SCANIA K340C Magnus LE;953;2024;EURO;OPERATING;3;ECO_GNC;FLEET
13459;S 519 HD EURO VI;631;2024;EURO;OPERATING;1;Diesel;FLEET
13535;MB SPRINTER 519 CDI ALTAS AUTO TOURLINE XL EURO VI;629;2025;EURO;OPERATING;1;Diesel;FLEET
13558;S 519 HD Euro 6;631;2024;EURO;OPERATING;1;Diesel;FLEET
13559;S 519 HD Euro 6;631;2024;EURO;OPERATING;1;Diesel;FLEET
13560;S 519 HD Euro 6;631;2024;EURO;OPERATING;1;Diesel;FLEET
13561;S 519 HD Euro 6;631;2024;EURO;OPERATING;1;Diesel;FLEET
13562;S 519 HD Euro 6;631;2024;EURO;OPERATING;1;Diesel;FLEET
13563;S 519 HD Euro 6;631;2024;EURO;OPERATING;1;Diesel;FLEET
13566;S 519 HD Euro 6;631;2024;EURO;OPERATING;1;Diesel;FLEET
13567;S 519 HD Euro 6;631;2024;EURO;OPERATING;1;Diesel;FLEET
13568;S 519 HD Euro 6;631;2024;EURO;OPERATING;1;Diesel;FLEET
13569;S 519 HD EURO VI;631;2024;EURO;OPERATING;1;Diesel;FLEET
13570;S 519 HD Euro 6;631;2025;EURO;OPERATING;1;Diesel;FLEET
13609;S 519 HD Euro 6;631;2024;EURO;OPERATING;1;Diesel;FLEET
13611;S 519 HD EURO VI;631;2024;EURO;OPERATING;1;Diesel;FLEET
13722;MB CITARO K Hibrido Euro 6;774;2024;EURO;OPERATING;8;ECO_Hibrido-Diesel;FLEET
13750;S 519 HD EURO VI;631;2025;EURO;OPERATING;1;Diesel;FLEET
13751;S 519 HD Euro 6;631;2025;EURO;OPERATING;1;Diesel;FLEET
13752;S 519 HD EURO VI;631;2025;EURO;OPERATING;1;Diesel;FLEET
13753;S 519 HD EURO VI;631;2025;EURO;OPERATING;1;Diesel;FLEET
13754;S 519 HD Euro 6;631;2025;EURO;OPERATING;1;Diesel;FLEET
13755;S 519 HD Euro 6;631;2025;EURO;OPERATING;1;Diesel;FLEET
13756;S 519 HD EURO VI;631;2025;EURO;OPERATING;1;Diesel;FLEET
13757;S 519 HD Euro 6;631;2025;EURO;OPERATING;1;Diesel;FLEET
13759;S 519 HD Euro 6;631;2025;EURO;OPERATING;1;Diesel;FLEET
13763;S 519 HD EURO VI;631;2025;EURO;OPERATING;1;Diesel;FLEET
13764;S 519 HD EURO VI;631;2025;EURO;OPERATING;1;Diesel;FLEET
13765;S 519 HD EURO VI;631;2025;EURO;OPERATING;1;Diesel;FLEET
13766;S 519 HD EURO VI;631;2025;EURO;OPERATING;1;Diesel;FLEET
13767;S 519 HD EURO VI;631;2025;EURO;OPERATING;1;Diesel;FLEET
13768;SCANIA K500 CB 6X2 Doble Piso;907;2025;EURO;OPERATING;1;Diesel;FLEET
13769;SCANIA K500 CB 6X2 Doble Piso;907;2025;EURO;OPERATING;1;Diesel;FLEET
13770;SCANIA K500 CB 6X2 Doble Piso;907;2025;EURO;OPERATING;1;Diesel;FLEET
13771;SCANIA K500 CB 6X2 Doble Piso;907;2025;EURO;OPERATING;1;Diesel;FLEET
13852;S 519 HD EURO VI;631;2025;EURO;OPERATING;1;Diesel;FLEET
13854;S 519 HD EURO VI;631;2025;EURO;OPERATING;1;Diesel;FLEET
13856;S 519 HD EURO VI;631;2025;EURO;OPERATING;1;Diesel;FLEET
13859;MB OC500 RF2546 6X2 i6;766;2025;EURO;OPERATING;1;Diesel;FLEET
13863;S 519 HD Euro 6;631;2025;EURO;OPERATING;1;Diesel;FLEET
13864;S 519 HD Euro 6;631;2025;EURO;OPERATING;1;Diesel;FLEET
13865;S 519 HD Euro 6;631;2025;EURO;OPERATING;1;Diesel;FLEET
13868;S 519 HD Euro 6;631;2025;EURO;OPERATING;1;Diesel;FLEET
13869;S 519 HD Euro 6;631;2025;EURO;OPERATING;1;Diesel;FLEET
13870;S 519 HD Euro 6;631;2025;EURO;OPERATING;1;Diesel;FLEET
13871;S 519 HD Euro 6;631;2025;EURO;OPERATING;1;Diesel;FLEET
13872;S 519 HD Euro 6;631;2025;EURO;OPERATING;1;Diesel;FLEET
13873;S 519 HD Euro 6;631;2025;EURO;OPERATING;1;Diesel;FLEET
13874;S 519 HD Euro 6;631;2025;EURO;OPERATING;1;Diesel;FLEET
13875;S 519 HD Euro 6;631;2025;EURO;OPERATING;1;Diesel;FLEET
13876;S 519 HD Euro 6;631;2024;EURO;OPERATING;1;Diesel;FLEET
13877;S 519 HD-SUPRA  Euro 6;642;2025;EURO;OPERATING;1;Diesel;FLEET
22684;TEMSA HD13;945;2024;EURO;OPERATING;1;Diesel;FLEET
22687;TEMSA Skoda HD 13;945;2024;EURO;OPERATING;1;Diesel;FLEET
2359;MB Sprinter 413 CDI Euro 3;144;2005;EURO;OPERATING;1;Diesel;FLEET
2558;MB Travego Eurobus Euro 4;151;2007;EURO;OPERATING;1;Diesel;FLEET
2711;MB OC500LE Euro 5;506;2010;EURO;OPERATING;1;Diesel;FLEET
2713;MB OC500LE Euro 5;506;2010;EURO;OPERATING;1;Diesel;FLEET
2890;MB SPR. 519 CDI FL PREMIUM;629;2015;EURO;OPERATING;1;Diesel;FLEET
2904;MB Travego Eurobus Euro 5;151;2010;EURO;OPERATING;1;Diesel;FLEET
2966;MB TOURISMO Euro EEV;332;2011;EURO;OPERATING;1;Diesel;FLEET
2985;Setra S416UL Euro EEV;390;2013;EURO;OPERATING;1;Diesel;FLEET
3000;SETRA S419GTHD Euro 5;401;2011;EURO;OPERATING;1;Diesel;FLEET
3037;SETRA S419GTHD Euro 5;401;2012;EURO;OPERATING;1;Diesel;FLEET
3063;MB TOURISMO Euro 5;332;2011;EURO;OPERATING;1;Diesel;FLEET
3068;MB Travego Eurobus Euro 5;151;2011;EURO;OPERATING;1;Diesel;FLEET
3121;S 419 UL E5;284;2011;EURO;OPERATING;1;Diesel;FLEET
3219;MB OC500 RF1842 EEV;478;2012;EURO;OPERATING;1;Diesel;FLEET
3252;SETRA S419GTHD Euro 5;401;2012;EURO;OPERATING;1;Diesel;FLEET
3272;SETRA S419GTHD Euro 5;401;2012;EURO;OPERATING;1;Diesel;FLEET
3333;S 419 UL EEV;284;2012;EURO;OPERATING;1;Diesel;FLEET
3421;S 419 UL EEV;284;2013;EURO;OPERATING;1;Diesel;FLEET
3593;SETRA S 517 HD Euro 6;489;2014;EURO;OPERATING;1;Diesel;FLEET
3650;S 519 HD EURO VI;631;2015;EURO;OPERATING;1;Diesel;FLEET
3652;S 519 HD EURO VI;631;2015;EURO;OPERATING;1;Diesel;FLEET
3653;S 519 HD EURO VI;631;2015;EURO;OPERATING;1;Diesel;FLEET
3656;S 519 HD EURO VI;631;2015;EURO;OPERATING;1;Diesel;FLEET
3664;MB TOURISMO Euro VI;332;2015;EURO;OPERATING;1;Diesel;FLEET
3665;MB TOURISMO Euro VI;332;2015;EURO;OPERATING;1;Diesel;FLEET
3689;MB TOURISMO Euro VI;332;2015;EURO;OPERATING;1;Diesel;FLEET
3692;MB OC500 RF 1943 Euro VI;593;2015;EURO;OPERATING;1;Diesel;FLEET
3698;S 519 HD EURO VI;631;2015;EURO;OPERATING;1;Diesel;FLEET
3704;SETRA S 517 HD Euro 6;489;2015;EURO;OPERATING;1;Diesel;FLEET
3705;SETRA S 517 HD Euro 6;489;2015;EURO;OPERATING;1;Diesel;FLEET
3749;S 519 HD EURO VI;631;2016;EURO;OPERATING;1;Diesel;FLEET
3750;S 519 HD-SUPRA  Euro 6;642;2016;EURO;OPERATING;1;Diesel;FLEET
3767;MB TOURISMO Euro VI;332;2016;EURO;OPERATING;1;Diesel;FLEET
3768;MB TOURISMO Euro VI;332;2016;EURO;OPERATING;1;Diesel;FLEET
3769;MB TOURISMO Euro VI;332;2016;EURO;OPERATING;1;Diesel;FLEET
3770;MB TOURISMO Euro VI;332;2016;EURO;OPERATING;1;Diesel;FLEET
3771;MB TOURISMO Euro VI;332;2016;EURO;OPERATING;1;Diesel;FLEET
3772;MB TOURISMO Euro VI;332;2016;EURO;OPERATING;1;Diesel;FLEET
3773;MB TOURISMO Euro VI;332;2016;EURO;OPERATING;1;Diesel;FLEET
3783;MB TOURISMO Euro VI;332;2016;EURO;OPERATING;1;Diesel;FLEET
3784;MB TOURISMO Euro VI;332;2016;EURO;OPERATING;1;Diesel;FLEET
3832;S 519 HD Euro 6;631;2016;EURO;OPERATING;1;Diesel;FLEET
3833;S 519 HD Euro 6;631;2016;EURO;OPERATING;1;Diesel;FLEET
3836;S 519 HD Euro 6;631;2016;EURO;OPERATING;1;Diesel;FLEET
3842;S 519 HD Euro 6;631;2016;EURO;OPERATING;1;Diesel;FLEET
3843;S 519 HD Euro 6;631;2016;EURO;OPERATING;1;Diesel;FLEET
3847;S 519 HD Euro 6;631;2016;EURO;OPERATING;1;Diesel;FLEET
3849;S 519 HD Euro 6;631;2016;EURO;OPERATING;1;Diesel;FLEET
3855;MB TOURISMO Euro 6;509;2016;EURO;OPERATING;1;Diesel;FLEET
3891;S 519 HD Euro 6;631;2016;EURO;OPERATING;1;Diesel;FLEET
3892;S 519 HD Euro 6;631;2016;EURO;OPERATING;1;Diesel;FLEET
3957;IVECO C 45 EURO 5;638;2012;EURO;OPERATING;1;Diesel;FLEET
3963;IVECO C 45 EURO 5;638;2012;EURO;OPERATING;1;Diesel;FLEET
3964;IVECO C 45 EURO 5;638;2012;EURO;OPERATING;1;Diesel;FLEET
4041;VOLVO B11R 4x2 Euro 6;596;2017;EURO;OPERATING;1;Diesel;FLEET
4042;VOLVO B11R 4x2 Euro 6;596;2017;EURO;OPERATING;1;Diesel;FLEET
4043;VOLVO B11R 4x2 Euro 6;596;2017;EURO;OPERATING;1;Diesel;FLEET
4044;VOLVO B11R 6x2 Euro 6;491;2017;EURO;OPERATING;1;Diesel;FLEET
4045;VOLVO B11R 6x2 Euro 6;491;2017;EURO;OPERATING;1;Diesel;FLEET
4046;VOLVO B11R 6x2 Euro 6;491;2017;EURO;OPERATING;1;Diesel;FLEET
4047;VOLVO B11R 6x2 Euro 6;491;2017;EURO;OPERATING;1;Diesel;FLEET
4048;SETRA S 431 DT D. PISO EURO VI;658;2016;EURO;OPERATING;1;Diesel;FLEET
4282;VDL FUTURA FHD2 EURO VI;797;2016;EURO;OPERATING;1;Diesel;FLEET
4287;Wolkswagen Crafter Unvi S20 Euro VI;906;2023;EURO;OPERATING;1;Diesel;FLEET
4326;Scania Touring HD Euro VI;782;2017;EURO;OPERATING;1;Diesel;FLEET
4330;Scania Touring HD Euro VI;782;2019;EURO;OPERATING;1;Diesel;FLEET
4331;MAN Lion's Coach;775;2021;EURO;OPERATING;1;Diesel;FLEET
4332;MAN Lion's Coach;775;2021;EURO;OPERATING;1;Diesel;FLEET
4333;MAN Lion's Coach;775;2021;EURO;OPERATING;1;Diesel;FLEET
4334;MAN Lion's Coach;775;2021;EURO;OPERATING;1;Diesel;FLEET
4336;MAN Lion's Coach;775;2021;EURO;OPERATING;1;Diesel;FLEET
4337;MAN Lion's Coach;775;2021;EURO;OPERATING;1;Diesel;FLEET
4338;MAN Lion's Coach;775;2021;EURO;OPERATING;1;Diesel;FLEET
4339;MAN Lion's Coach;775;2021;EURO;OPERATING;1;Diesel;FLEET
4340;MAN Lion's Coach;775;2021;EURO;OPERATING;1;Diesel;FLEET
4341;MAN Lion's Coach;775;2022;EURO;OPERATING;1;Diesel;FLEET
4342;MAN Lion's Coach;775;2022;EURO;OPERATING;1;Diesel;FLEET
4343;MAN Lion's Coach;775;2022;EURO;OPERATING;1;Diesel;FLEET
4344;MAN Lion's Coach;775;2022;EURO;OPERATING;1;Diesel;FLEET
4345;MAN Lion's Coach;775;2022;EURO;OPERATING;1;Diesel;FLEET
4346;MAN Lion's Coach;775;2022;EURO;OPERATING;1;Diesel;FLEET
4347;MAN Lion's Coach;775;2022;EURO;OPERATING;1;Diesel;FLEET
4355;MB TOURISMO Euro VI;332;2023;EURO;OPERATING;1;Diesel;FLEET
4356;MB TOURISMO Euro VI;332;2023;EURO;OPERATING;1;Diesel;FLEET
4357;MB TOURISMO Euro VI;332;2023;EURO;OPERATING;1;Diesel;FLEET
4358;MB TOURISMO Euro VI;332;2023;EURO;OPERATING;1;Diesel;FLEET
4359;MB TOURISMO Euro VI;332;2023;EURO;OPERATING;1;Diesel;FLEET
4360;MB TOURISMO Euro VI;332;2023;EURO;OPERATING;1;Diesel;FLEET
4688;S 519 HD-SUPRA  Euro 6;642;2017;EURO;OPERATING;1;Diesel;FLEET
4696;S 519 HD Euro 6;631;2017;EURO;OPERATING;1;Diesel;FLEET
4699;S 519 HD Euro 6;631;2017;EURO;OPERATING;1;Diesel;FLEET
4700;S 519 HD Euro 6;631;2017;EURO;OPERATING;1;Diesel;FLEET
4931;IVECO CROSSWAY;723;2017;EURO;OPERATING;1;Diesel;FLEET
4932;IVECO CROSSWAY;723;2017;EURO;OPERATING;1;Diesel;FLEET
4933;IVECO CROSSWAY;723;2017;EURO;OPERATING;1;Diesel;FLEET
4934;IVECO CROSSWAY;723;2017;EURO;OPERATING;1;Diesel;FLEET
4941;IRIZAR I6;500;2012;EURO;OPERATING;1;Diesel;FLEET
4943;IRIZAR I6;500;2014;EURO;OPERATING;1;Diesel;FLEET
4944;MB Sprinter 516 CDI;425;2016;EURO;OPERATING;1;Diesel;FLEET
4945;MB Sprinter 516 CDI;425;2016;EURO;OPERATING;1;Diesel;FLEET
4947;OTOKAR NAVIGO T;726;2016;EURO;OPERATING;1;Diesel;FLEET
4948;OTOKAR NAVIGO T;726;2016;EURO;OPERATING;1;Diesel;FLEET
4950;OTOKAR NAVIGO T;726;2017;EURO;OPERATING;1;Diesel;FLEET
4990;MB Sprinter 516 CDI;425;2017;EURO;OPERATING;1;Diesel;FLEET
4991;MB Sprinter 516 CDI;425;2017;EURO;OPERATING;1;Diesel;FLEET
4992;Unvi Vega;425;2015;EURO;OPERATING;1;Diesel;FLEET
4993;Unvi Vega;425;2015;EURO;OPERATING;1;Diesel;FLEET
4994;Unvi Vega;425;2015;EURO;OPERATING;1;Diesel;FLEET
4995;Unvi Vega;425;2015;EURO;OPERATING;1;Diesel;FLEET
6041;SETRA S417GTHD Euro 4;251;2007;EURO;OPERATING;1;Diesel;FLEET
6551;SETRA S419GTHD Euro 5;401;2009;EURO;OPERATING;1;Diesel;FLEET
6552;SETRA S419GTHD Euro 5;401;2009;EURO;BAJA;1;Diesel;FLEET
7371;ISUZU P75 Silman;956;2024;EURO;OPERATING;1;Diesel;FLEET
7372;Isuzu P75 Silman;956;2024;EURO;OPERATING;1;Diesel;FLEET
7373;Isuzu P75 Silman;956;2024;EURO;OPERATING;1;Diesel;FLEET
